Station code,water_bodies,Station name,District,DO (mg/L),pH,Conductivity (mS/cm),BOD (mg/L),Nitrate,Nitrite-N (mg/L),Fecal Coliform (MPN/100ml),Total Coliform (MPN/100ml),Faecal streptococci,Saprobity index,Diversity index,P/R Ratio,Turbidity (NTU),Phen-Alk. (mg/L),Total Alk. (mg/L),Chloride (mg/L),COD (mg/L),TKN (mg/L),Ammonia,Free Ammonia  (mg/L),Hardness (mg/L),Calcium (mg/L),Calcium Carbonate as CaCO3,Magnesium (mg/L),Magnesium Carbonate as CaCO3,Sulphate (mg/L),Sodium (mg/L),TDS (mg/L),TFS (mg/L),TSS (mg/L),Total Phosphate (mg/L),Ortho Phosphate (mg/L),Boron (mg/L),Potassium (mg/L),Fluoride (mg/L),sodium %,SAR,,
2360,River Godavari,River Godavari at Basara,Nirmal,7.2,7.69,680,3.1,10,0.04,3.6,22,1.8,,,,2,6,152,108,24,6,BDL,BDL,210,50,125,21,85,50,52,418,293,6,,0.05,BDL,2,0.1,34.67,1.56,,
5105,River Godavari,"River Godavari Pushkar Ghat, Mancherial",Mancherial,7.4,7.5,849,2.2,15,0.03,2,20,Less than 1.8,,,,2.2,10,220,121,20,5,BDL,BDL,275,54,135,34,140,45,53,522,365,6,,0.06,BDL,3.1,0.21,29.33,1.39,,
4255,River Godavari,Ali sagar Reservoir,Nizamabad,7.4,7.43,506,2.1,10,0.02,3.5,21,2,,,,2.5,6,150,91,14,4,BDL,BDL,195,44,110,21,85,24,39,311,218,7,,0.05,BDL,2,0.1,29.97,1.21,,
4227,River Godavari,"Pochara Water Falls, Adilabad",Adilabad,7.2,7.7,755,2.6,12,0.09,5.6,22,3.5,4.5,,,2.5,10,220,91,16,4,BDL,BDL,265,66,165,24,100,46,45,464,325,8,,0.1,BDL,3,0.12,26.86,1.21,,
2361,River Godavari,"River Godavari at mancherial, Near Rail Way Bridge B/C of Rallavagu",Peddapalli,6.6,8.21,475,1.1,1.2,,Less than 1.8,39,Less than 1.8,,,,10,5,80,66,8,1.5,0.4,,85,16,40,11,45,40,#,300,210,10,0.65,,0.5,,0.54,#,#,,
13,River Godavari,River Godavari at Mancherial,Peddapalli,6.6,7.75,505,1.1,1.4,,Less than 1.8,32,Less than 1.8,,,,12,5,100,69,12,1.5,0.4,,125,22,55,17,70,36,#,316,210,10,0.62,,0.5,,0.49,#,#,,
3054,River Godavari,"Outlet of ash pond effluents of M/s.NTPC, Ramagundam",Peddapalli,5.8,8.39,924,1.6,3.2,,4,140,Less than 1.8,,,,14,10,225,132,20,4.48,1.1,,240,46,115,30,125,86,#,550,380,12,0.82,,0.5,,0.63,#,#, ,
2362,River Godavari,D/s of River Godavari at Ramagundam near FCI intake well,Peddapalli,6.5,7.97,502,1.2,1.8,,Less than 1.8,26,Less than 1.8,,,,12,5,110,62,16,1.5,0.4,,105,20,50,13,55,32,#,328,220,11,0.73,,0.5,,0.61,#,#,,
5497,River Godavari,River Godawari D/S afer confluence of Ramagundem fertilize and chemicals Ltd(RFCL)Discharge into river,Ramagundem,6.4,7.43,1266,1.8,8.8,,14.5,94,Less than 1.8,,,,13,5,285,135,44,6.72,2.2,,295,64,160,33,135,92,#,772,520,10,1.82,,0.5,,0.66,#,#,,
2363,River Godavari,River Godavari at Godavarikhani near bathing ghat,Peddapalli,6.5,7.72,504,1,3.2,,Less than 1.8,39,Less than 1.8,,,,8,5,140,52,8,1.5,0.4,,135,28,70,16,65,33,#,324,260,10,0.69,,0.5,,0.59,#,#,,
2364,River Godavari,River Godavari at Ramagundam upstream near dam,Peddapalli,6.5,7.76,660,1,3.9,,Less than 1.8,40,Less than 1.8,,,,10,5,155,62,12,1.5,0.4,,175,36,90,21,85,56,#,432,440,10,0.67,,0.5,,0.63,#,#,,
2356,River Godavari,River Godavari d/s of Ramagundam at Manthani,Peddapalli,6.6,7.97,545,1.1,2.44,,Less than 1.8,49,Less than 1.8,,,,12,5,166,42,18,1.5,0.4,,280,60,150,32,130,32,#,340,440,10,0.72,,0.5,,0.71,#,#,,14.0
4662,River Godavari,River godavari Kaleshwaram,Jayashankar Bhoopalpalli,6.6,7.65,593,1.2,1.6,,Less than 1.8,24,Less than 1.8,,,,14,5,165,52,5,1.5,0.4,,180,38,95,21,85,42,#,370,260,10,0.57,,0.5,,0.53,#,#,,
2365,River Godavari,"U/s of River Godavari at Kamalapur (V) at M/s.AP Rayons Ltd., intake well",Mulugu,6.6,7.86,402,1,0.7,,Less than 1.8,26,Less than 1.8,,,,14,5,110,42,12,1.5,0.4,,110,26,65,11,45,38,#,240,150,10,0.48,,0.5,,0.32,#,#,,
2366,River Godavari,"D/s of River Godavari at Kamalapur (V) at M/s.AP Rayons Ltd., discharge point",Mulugu,6.5,7.88,353,1.1,0.6,,Less than 1.8,32,Less than 1.8,,,,14,5,120,32,18,1.5,0.4,,95,20,50,11,45,12,#,220,150,10,0.59,,0.5,,0.28,#,#,,
2367,River Godavari,U/s of river Godavari at Bhadrachalam bathing ghat,Bhadradri Kothagudem ,6.5,8.07,364,1,2.1,,Less than 1.8,39,Less than 1.8,,,,12,5,110,32,5,1.5,0.4,,120,28,70,12,50,24,#,230,150,20,0.37,,0.5,,0.82,#,#,,
2368,River Godavari,D/s of river Godavari at Bhadrachalam bathing ghat,Bhadradri Kothagudem ,6.4,8.32,346,1,1.5,,Less than 1.8,40,Less than 1.8,,,,10,5,115,29,5,1.5,0.4,,105,22,55,12,50,22,#,220,150,20,0.42,,0.5,,0.85,#,#,,
2369,River Godavari,River Godavari at Burgampahad,Bhadradri Kothagudem ,6.4,8.02,399,1,14.6,,Less than 1.8,70,Less than 1.8,,,,16,5,115,30,8,1.5,0.4,,110,24,60,12,50,22,#,250,170,20,0.43,,0.5,,0.73,#,#,,
4256,River Maneru / Manair,"Lower Maneru Dam, Karimnagar",Karimnagar,6.3,7.57,420,1.6,3.6,,Less than 1.8,70,Less than 1.8,,,,11,5,105,44,20,4.48,0.6,,120,26,65,13,55,26,#,268,180,10,0.52,,0.5,,0.75,#,#,,
4257,River Maneru / Manair,"Maneru river D/S of municipal dump site, Karimnagar",Karimnagar,6,7.63,438,1.8,5.9,,Less than 1.8,94,Less than 1.8,,,,9,5,115,44,26,5.6,0.6,,125,28,70,13,55,28,#,270,190,11,0.47,,0.5,,0.68,,,,
4664,River Maneru / Manair,River Maneru at Ghattepalli (V) near Sulthanabad,Karimnagar,6.1,7.79,488,1.2,3.5,,Less than 1.8,49,Less than 1.8,,,,12,5,90,64,32,5.6,1.1,,110,24,60,12,50,42,#,326,220,10,0.68,,0.5,,0.66,#,#,,
4665,River Maneru / Manair,Outlet of KTPP Ash Pond Joining Moranchavagu,Jayashankar Bhoopalpalli,4,8.54,750,1,0.8,,Less than 1.8,49,Less than 1.8,,,,12,10,120,116,8,1.5,0.4,,160,34,85,18,75,66,#,504,380,10,0.29,,0.5,,0.81,#,#,,
1158,River Maneru / Manair,River Maneru at Somanpally,Peddapalli,6.1,8.08,545,1.6,1.8,,Less than 1.8,46,Less than 1.8,,,,10,5,110,80,20,1.5,0.4,,125,26,65,15,60,42,#,360,260,10,0.72,,0.5,,0.52,#,#,,
4258,River Manjeera,"Singoor Dam Reservoir,",Sangareddy,7,7.23,630,2,15,0.07,3.6,22,1.8,,,,2.1,8,180,108,14,4,BDL,BDL,265,58,145,29,120,40,48,428,300,5,,0.04,BDL,2.1,0.11,28.19,1.29,,
1157,River Manjeera,River Manjeera at Raipally,Sangareddy,7.1,7.21,582,2.4,16,0.02,4.5,31,2,,,,2.5,10,185,98,20,4,BDL,BDL,245,64,160,21,85,42,42,404,283,7,,0.07,BDL,4,BDL,26.72,1.17,,
1781,River Manjeera,Manjeera at Ganapathi sugars,Sangareddy,6.5,7.32,798,2.4,12,0.05,5.5,33,1.8,,,,3,12,225,95,24,5,BDL,BDL,255,68,170,21,85,50,61,491,344,5,,0.11,BDL,2.8,0.24,33.88,1.66,,
2374,River Manjeera,U/s of River Manjeera at Gowdicherla before confluence with Nakkavagu,Sangareddy,6.4,7.32,1024,3.2,18,0.02,5.6,31,3.6,,,,3,16,215,122,24,5,BDL,BDL,320,80,200,29,120,58,52,599,419,7,,0.12,BDL,3,0.15,26,1.27,,
2375,River Manjeera,D/s of River Manjeera at Gowdicherla after confluence with Nakkavagu,Sangareddy,6.6,7.35,924,3.4,16,0.05,5.6,33,3.6,,,,2.8,12,200,195,28,5,BDL,BDL,440,92,230,51,210,50,45,568,398,8,,0.11,BDL,3.2,0.32,18.12,0.93,,
2349,River Manjeera,Nakka vagu at Bachugudem,Sangareddy,5.5,7.69,1345,4.5,20,0.1,7.8,79,5.5,,,,4,18,250,230,50,7,BDL,BDL,395,94,235,39,160,80,90,827,579,7,,0.11,BDL,4,0.1,32.91,1.97,,
4226,River Manjeera,River Manjeera at Yedu Payala Temple,Medak,6.3,7.45,596,2.4,19,0.04,5.5,63,3.6,,,,3,16,122,110,18,5,BDL,BDL,220,48,120,24,100,38,40,367,257,9,,0.14,BDL,4.2,0.22,28.04,1.18,,
2372,River Kinneresani,Kinnerasani after confluence of KTPS ash pond effluents,Bhadradri Kothagudem ,6.1,8.09,522,1,1.8,,Less than 1.8,36,Less than 1.8,,,,14,5,125,62,12,1.5,0.4,,135,30,75,15,60,30,#,310,216,36,0.6,,0.5,,0.56,#,#,,
3080,River Kinneresani,U/s of Karakavagu at Paloncha,Bhadradri Kothagudem ,5.8,8.08,645,1.8,2.42,,Less than 1.8,32,Less than 1.8,,,,12,5,200,51,44,1.5,0.4,,220,46,115,26,105,38,#,402,280,20,1.02,,0.5,,0.6,#,#,,
3081,River Kinneresani,D/s of Karakavagu at Paloncha,Bhadradri Kothagudem ,5.4,8.21,486,1,2.9,,Less than 1.8,33,Less than 1.8,,,,10,5,170,37,12,1.5,0.4,,185,38,95,22,90,22,#,306,210,22,0.72,,0.5,,0.65,#,#,,
1784,River Krishna ,River Krishna at thangadi,Mahaboobnagar,6.5,7.76,702,1.2,2.3,,2,110,Less than 1.8,,,,16,5,150,103,12,3.36,0.6,,145,32,80,16,65,55,#,446,382,12,1.67,,0.5,,0.91,#,#,,
39,River Krishna ,River Krishna at Gadwal bridge,Mahaboobnagar,6.4,7.82,769,1.2,2.8,,2,140,Less than 1.8,,,,18,5,175,91,14,4.48,0.6,,160,34,85,18,75,44,#,476,333,10,1.06,,0.5,,0.96,#,#,,
4225,River Krishna ,"Jogulamba Temple, Gadwal",Jogulamba Gadwal,6.1,7.89,776,1.6,2.1,,23,210,Less than 1.8,,,,17,5,165,105,22,3.36,0.6,,195,40,100,23,95,86,#,425,338,12,0.72,,0.5,,0.68,#,#,,
4259,River Krishna ,Nagarjuna Sagar Dam Spill way,Nalgonda,7.6,7.76,642,2.5,15,0.05,3.6,20,1.8,,,,3.2,8,180,95,20,4,BDL,BDL,265,54,135,32,130,41,35,446,312,7,,0.12,BDL,4,0.15,21.95,0.93,,
4252,River Krishna ,"Udaya Samudram balancing Reservoir,",Nalgonda,6.1,7.54,745,3.1,12,0.04,5.6,34,3.6,,,,4,16,152,175,24,3,BDL,BDL,320,72,180,34,140,35,41,484,339,9,,0.2,BDL,4,BDL,21.6,1,,
1465,River Krishna ,Confluence of River Krishna & River Musi at at Wadapally,Nalgonda,7.4,7.97,1056,3.4,20,0.01,6.8,33,3.5,,,,3.4,12,160,180,24,3,BDL,BDL,315,64,160,38,155,41,54,623,436,10,,0.15,BDL,4.1,0.2,26.83,1.32,,
4663,River Krishna ,"River Krishna at Mattepally, 500 mts. before bathing ghat",Suryapet,6.6,7.86,1204,3.6,25,0.02,6,34,3.6,,,,3.2,18,220,165,20,4,BDL,BDL,335,66,165,41,170,52,65,692,485,8,,0.22,BDL,6.4,0.3,29.34,1.55,,
4250,River Krishna ,"Palair Reservoir, Khammam",Khammam,6.2,7.98,462,1,1.8,,Less than 1.8,46,Less than 1.8,,,,12,5,160,38,8,1.5,0.4,,175,38,95,19,80,34,#,288,190,20,0.38,,0.5,,0.66,#,#,,
4251,River Krishna ,"D/S of Munneru River, Prakash Nagar, Khammam",Khammam,6.2,8.45,563,1,2.4,,Less than 1.8,49,Less than 1.8,,,,14,8,180,48,12,1.5,0.4,,195,44,110,21,85,38,#,350,240,20,0.47,,0.5,,0.79,#,#,,
5108,River Krishna ,River Krishna Before Confluence of River Musi at Wadapally (V),Nalgonda,7.2,7.93,901,3.1,12,0.1,4.4,33,2,,,,3.4,12,210,135,24,4,BDL,BDL,315,68,170,35,145,42,50,545,382,8,,0.15,BDL,5,0.1,25.42,1.23,,
5109,River Krishna ,River Krishna After Confluence of River Musi at Wadapally (V),Nalgonda,7,7.98,1097,3.3,15,0.02,5.5,32,1.8,,,,3,16,215,275,24,4,BDL,BDL,430,98,245,45,185,58,80,708,495,7,,0.2,BDL,5.4,0.2,28.56,1.68,,
5110,River Krishna ,River Krishna at Pulichintala Reservoir at Chinthalapalem,Suryapet,6.2,7.97,1098,3.1,16,0.11,4.5,34,2,,,,3.4,8,225,210,26,6,BDL,BDL,420,84,210,51,210,50,60,675,473,8,,0.22,BDL,5.2,0.21,23.5,1.28,,
4253,River Musi,Musi sample at Bapughat sangam U/S of Musi,Hyderabad,0.3,7.29,1136,6.2,3.5,,33,430,6.1,,,,28,5,330,125,79,8.1,3.4,,250,50,125,30,125,71,#,716,500,20,1.73,,0.5,,1.22,#,#,,
4656,River Musi,"River Musi at Moosarambagh bridge, Hyderabad",Medchal Malkajgiri,0.3,7.14,1244,8,4.1,,49,540,6.8,,,,34,5,230,178,94,12.88,4.5,,280,60,150,32,130,82,#,744,580,15,2.07,,0.5,,1.36,#,#,,
2339,River Musi,River Musi at Nagole,Shamshabad,0.3,7.24,1089,10,8.1,,47,540,4.5,,,,30,5,175,174,120,10,5.6,,210,44,110,24,100,61,#,676,470,12,2.68,,0.5,,1.12,#,#,,
4659,River Musi,"Outlet of Nalla Cheruvu, Peerajadiguda",Yadadri Bhuvanagiri,0.3,6.4,1048,8,5.2,,32,430,4,,,,22,5,170,188,92,11.2,6.7,,180,38,95,21,85,72,#,650,460,15,2.2,,0.5,,1.2,#,#,,
4660,River Musi,River Musi at Peerajadiguda,Suryapet,0.3,6.92,1054,8,6.2,,21,350,2,,,,27,5,176,204,98,8.41,3.4,,205,58,145,15,60,48,#,664,450,15,1.8,,0.5,,1.1,#,#,,
1173,River Musi,D/s. of Musi at Pratapasingaram,Rangareddy,0.3,6.84,1088,10,4.8,,27,350,4,,,,36,5,175,201,110,10,5.6,,210,44,110,24,100,52,#,674,470,12,1.72,,0.5,,1.16,#,#,,
4657,River Musi,River Musi at Pillaipalli,Rangareddy-I,0.3,7.02,995,8,5.5,,11,280,2,,,,24,5,165,180,88,6.72,2.2,,225,50,125,24,100,41,#,626,420,12,0.85,,0.5,,0.93,#,#,,
4254,River Musi,River Musi sample at Rudravelly bridge,Yadadri Bhuvanagiri,7.6,6.91,1270,3.8,29,0.21,6,70,4.5,,,,3.8,8,270,240,32,6,BDL,BDL,435,94,235,49,200,65,75,781,547,10,,0.22,BDL,6.2,0.11,26.92,1.56,,
4658,River Musi,"River Musi at Valigonda bridge, Nalgonda dist",Yadadri Bhuvanagiri,6.3,6.74,1261,3.7,26,0.11,6.5,84,5.6,,,,5.2,18,320,255,30,5,BDL,BDL,590,120,300,71,290,75,79,864,605,8,,0.24,BDL,7.2,0.2,22.29,1.41,,
3082,River Musi,River Musi at Solipet (Kasaniguda),Suryapet,6.6,7.28,1155,3.1,21,0.01,6,79,3.6,,,,5.1,16,275,265,26,5,BDL,BDL,540,116,290,61,250,58,85,791,554,12,,0.2,BDL,8,0.23,25.19,1.59,,
5106,River Musi,River Musi at Bheemaram Bridge,Nalgonda,6.2,8.04,1171,3.9,20,0.1,6.1,38,4..0,,,,3,16,230,270,28,5,BDL,BDL,410,84,210,49,200,65,80,720,504,10,,0.3,BDL,6,0.32,29.41,1.72,,
5107,River Musi,River Musi Before Confluence of River Krishna at Wadapally,Nalgonda,6.4,7.97,1100,3.2,25,0.09,5.5,34,4,,,,3.1,18,250,200,25,7,BDL,BDL,460,100,250,51,210,80,74,721,504,8,,0.2,BDL,7.1,0.34,25.63,1.5,,
1172,Lakes & Tanks,U/s of Musi at Gandipet (Osmansagar lake),Shamshabad,6.4,7.51,531,1,1.6,,Less than 1.8,49,Less than 1.8,,,,6,5,185,51,12,1.5,0.4,,90,20,50,10,40,33,#,330,220,15,0.33,,0.5,,0.55,#,#,,
2358,Lakes & Tanks,Mallapur tank,Medchal Malkajgiri,0.3,7.06,2012,12,12.3,,40,920,6.8,,,,32,5,385,310,202,14,5.6,,480,108,270,51,210,88,#,1240,970,12,3.89,,0.59,,1.46,#,#,,
1789,Lakes & Tanks,Himayathsagar lake,RR-shamshabad,6.3,7.37,328,1,2.6,,Less than 1.8,40,Less than 1.8,,,,8,5,95,36,12,1.5,0.4,,110,22,55,13,55,28,#,210,120,10,0.32,,0.5,,0.49,#,#,,
3069,Lakes & Tanks,"Shameerpet lake, Shameerpet",Medchal Malkajgiri,5,7.32,832,2,1.7,,Less than 1.8,49,Less than 1.8,,,,10,5,185,130,32,2.24,0.4,,195,40,100,23,95,51,#,524,360,12,0.82,,0.5,,0.63,#,#,,
3078,Lakes & Tanks,"Pragathinagar cheruvu, Kukatpally",Medchal Malkajgiri,3.6,7.26,906,3.2,2.8,,11,350,2,,,,16,5,215,115,61,8.4,5.6,,225,50,125,24,100,38,#,570,400,18,0.92,,0.5,,0.98,#,#,,
2340,Lakes & Tanks,Lakshminarayana cheruvu,Medchal Malkajgiri,2.3,7.28,1410,4,11.8,,32,430,4,,,,24,5,340,158,63,9.52,6.7,,380,84,210,41,170,89,#,790,670,22,1.65,,0.5,,1.14,#,#,,
4229,Lakes & Tanks,Neknampur Lake,RR-shamshabad,0.3,7.3,1266,10,13.2,,39,540,6.1,,,,28,5,250,184,138,11.2,5.6,,395,80,200,47,195,67,#,820,640,26,3.72,,0.5,,1.35,#,#,,
1780,Lakes & Tanks,Gandigudem Tank,Sangareddy,5.8,8.04,1684,4,45,0.15,5.6,63,3.7,,,,7.8,18,290,300,40,6,BDL,BDL,530,124,310,53,220,72,75,1036,725,10,,0.24,BDL,8,0.12,23.33,1.42,,
2347,Lakes & Tanks,Asani Kunta,Sangareddy,NIL,6.85,5648,56,108,0.52,9.3,94,5.7,,,,49,36,850,1000,520,40,10,BDL,1805,450,1125,165,680,225,185,3474,2431,45,,0.3,0.4,76,0.34,17.53,1.9,,
1783,Lakes & Tanks,Kistareddypet Tank,Sangareddy,6.7,7.6,1286,4,30,0.12,8.2,33,4.5,,,,8.1,16,310,220,40,5,BDL,BDL,435,90,225,51,210,70,75,791,554,8,,0.21,BDL,7,0.13,26.96,1.57,,
2348,Lakes & Tanks,Khazipally Tank,Sangareddy,6.9,7.18,765,3.1,15,0.12,4.5,23,3.6,,,,2,8,120,105,18,3,BDL,BDL,225,56,140,21,85,31,30,413,289,4,,0.13,BDL,2,BDL,22.25,0.87,,
1215,Lakes & Tanks,Madannapet Lake,Warangal Rural,6.1,7.82,312,1,1.1,,Less than 1.8,33,Less than 1.8,,,,12,5,90,37,12,1.5,0.4,,110,24,60,12,50,16,#,180,100,10,0.3,,0.5,,0.33,#,#,,
3068,Lakes & Tanks,Ramappa lake,Mulugu,6.2,7.48,358,1,1.1,,Less than 1.8,34,Less than 1.8,,,,12,5,95,34,8,1.5,0.4,,110,24,60,12,50,26,#,222,150,10,0.52,,0.5,,0.35,#,#,,
1447,Lakes & Tanks,Dharmasagar tank,Warangal,6.1,7.57,322,1,2.8,,Less than 1.8,24,Less than 1.8,,,,8,5,65,44,4,1.5,0.4,,75,16,40,9,35,32,#,210,170,10,0.73,,0.5,,0.59,#,#,,
2346,Lakes & Tanks,Bhadrakali cheruv,Warangal Urban,5.2,6.95,731,1.6,1.6,,Less than 1.8,49,Less than 1.8,,,,13,5,195,91,22,1.5,0.4,,225,46,115,27,110,32,#,446,310,10,0.67,,0.5,,0.44,#,#,,
3084,Lakes & Tanks,"Waddepally tank, Kazipet",Warangal Urban,6,7.06,480,1,2.6,,Less than 1.8,33,Less than 1.8,,,,12,5,95,69,8,1.5,0.4,,110,20,50,15,60,34,#,320,240,10,0.78,,0.54,,0.65,#,#,,
3085,Lakes & Tanks,Chinnawaddepally tank,Warangal Urban,3,7.23,1077,2,5.5,,33,540,4,,,,18,5,270,110,40,9.52,2.2,,285,64,160,30,125,89,#,679,460,18,2.82,,0.5,,1.1,#,#,,
2345,Lakes & Tanks,Sai Cheruvu,Warangal Urban,0.3,7.54,2648,10,3.2,,40,540,2,,,,10,5,205,642,133,6.72,0.6,,220,48,120,24,100,162,#,1615,1090,10,2.38,,0.5,,0.98,#,#,,
4247,Lakes & Tanks,"Mucharla Nagaram cheruvu, Warangal",Warangal Urban,3.8,7.36,882,1.8,5.6,,20,280,2,,,,14,5,165,132,22,5.6,1.7,,175,38,95,19,80,64,#,548,380,14,2.2,,0.5,,1.06,#,#,,
4248,Lakes & Tanks,"Koti Cheruvu, Hanamkonda, Warangal",Warangal Urban,2.1,6.98,875,3.2,2.3,,11,350,2,,,,16,5,205,108,44,5.6,1.1,,215,44,110,26,105,38,#,550,380,16,1.62,,0.5,,0.56,#,#,,
4249,Lakes & Tanks,"Rangasamudram, Warangal",Warangal Urban,4.4,8.26,759,1.8,6.3,,17,240,Less than 1.8,,,,8,5,135,117,28,4.48,1.7,,145,30,75,17,70,48,#,464,314,14,1.27,,0.5,,0.8,#,#,,
4680,Lakes & Tanks,Laknavaram lake,Mulugu,6,7.08,204,1,0.8,,Less than 1.8,24,Less than 1.8,,,,8,5,60,18,5,1.5,0.4,,65,14.8,37,7,28,16,#,120,80,10,0.42,,0.5,,0.47,#,#,,
4681,Lakes & Tanks,Pakala lake Narsampet,Warangal Rural,6,7.97,281,1,0.37,,Less than 1.8,21,Less than 1.8,,,,6,5,100,17,5,1.5,0.4,,65,14,35,7,30,14,#,174,120,10,0.27,,0.54,,0.28,#,#,,
4682,Lakes & Tanks,Bandham Cheruvu,Warangal,4.2,7.14,902,2.2,4.9,,21,350,2,,,,16,5,190,96,44,5.6,1.1,,210,44,110,24,100,94,#,540,410,16,1.86,,0.5,,0.95,#,#,,
4683,Lakes & Tanks,"Pedda cheruvu, Madikonda",Warangal,4.4,7.48,1020,1.2,6.8,,11,350,Less than 1.8,,,,10,5,170,160,14,4.48,0.56,,190,42,105,20.66,85,83,#,680,490,12,1.02,,0.5,,1.02,#,#,,
4243,Lakes & Tanks,"Isnapur Tank,",Sangareddy,4.9,7.56,1739,12,86,0.32,7.8,69,4,,,,9.8,16,292,242,120,20,6,BDL,465,110,275,46,190,82,137,1069,749,38,,0.5,BDL,5,0.41,38.86,2.77,,
4302,Lakes & Tanks,Rudraram Tank,Sangareddy,6,6.85,1506,4.2,41,0.15,6,33,3.6,,,,7,16,250,400,36,6,BDL,BDL,550,120,300,60,250,92,150,1047,733,8,,0.22,BDL,12,0.3,36.81,2.8,,
4240,Lakes & Tanks,"Muthangi Tank,",Sangareddy,6.4,6.84,1745,5,50,0.12,8.1,33,4.5,,,,8.9,24,320,240,50,8,2.8,BDL,395,90,225,41,170,73,122,1021,715,9,,0.3,BDL,18,BDL,39,2.68,,
4241,Lakes & Tanks,"Chitkul Tank,",Sangareddy,6.2,6.73,1124,4..6,39,0.21,5.6,63,4,,,,9,22,120,300,45,8,BDL,BDL,440,88,220,54,220,72,90,770,539,10,,0.25,BDL,14,BDL,29.93,1.87,,
4242,Lakes & Tanks,"Lakadaram Cheruvu,",Sangareddy,6.5,7.32,1965,4.5,51,0.15,6.8,38,3.7,,,,8.2,16,300,345,44,8,2,BDL,585,128,320,64,265,60,95,1150,805,9,,0.3,BDL,10,0.32,25.82,1.71,,
4238,Lakes & Tanks,"Ameenpur Cheruvu,",Sangareddy,6.2,7.61,1095,3.1,35,0.15,5.6,58,3.7,,,,6.4,16,255,210,24,6,BDL,BDL,365,78,195,41,170,40,70,673,471,7,,0.25,BDL,8.8,0.22,28.96,1.6,,
4239,Lakes & Tanks,"Mahaboobsagar Tank,",Sangareddy,7.4,6.84,767,3.5,20,0.13,4.5,49,1.8,,,,5.2,8,250,110,30,5,BDL,BDL,315,74,185,31,130,45,52,472,330,8,,0.2,BDL,8.5,0.2,25.99,1.28,,
4244,Lakes & Tanks,"Erdanoor Tank,",Sangareddy,6.2,7.31,1065,4,35,0.16,5.6,39,2,,,,7,20,180,300,30,5,BDL,BDL,445,110,275,41,170,42,65,719,503,8,,0.14,BDL,6.5,0.15,23.9,1.34,,
4245,Lakes & Tanks,"Mallepally Tank,",Sangareddy,6.6,7.28,1126,3.5,42,0.03,3.6,25,1.8,,,,5.3,16,155,280,28,6,BDL,BDL,405,88,220,45,185,88,90,788,552,7,,0.16,BDL,8,0.15,32.12,1.95,,
4661,Lakes & Tanks,Peddakanjarla Tank,Sangareddy,6.6,6.95,693,2.5,15,0.05,2,26,Less than 1.8,,,,2,8,130,95,16,BDL,BDL,BDL,220,54,135,21,85,32,22,405,284,9,,0.11,BDL,6,0.1,17.34,0.64,,
4666,Lakes & Tanks,Ismailkhanpet Tank,Sangareddy,6.4,7.61,1028,4.5,28,0.1,3.7,31,1.8,,,,4.2,12,145,180,30,3,BDL,BDL,290,66,165,30,125,50,65,632,443,7,,0.08,BDL,8.5,0.21,32.17,1.67,,
4688,Lakes & Tanks,"Narinja River, Kothur - B (V), Zaheerabad",Sangareddy,6.8,7.4,647,3.1,15,0.05,3.6,33,1.8,,,,3,8,120,120,20,2,BDL,BDL,255,50,125,32,130,45,35,398,279,9,,0.1,BDL,8.3,0.3,22.23,0.95,,
4234,Lakes & Tanks,"Umda sagar lake, Shamshabad",RR-shamshabad,0.3,7.39,1242,7,16.8,,49,430,4.5,,,,14,5,200,198,70,9.52,4.5,,280,60,150,32,130,69,#,770,530,12,1.58,,0.5,,1.12,#,#,,
4235,Lakes & Tanks,Lake Kamuni ( Shamshabad Lake),RR-shamshabad,3,7.25,902,2,8.2,,26,350,4,,,,34,5,150,130,32,11.76,6.7,,240,52,130,27,110,72,#,590,410,42,0.99,,0.5,,0.93,#,#,,
5133,Lakes & Tanks,"Chandana Cheruvu, Jillelguda,",Rangareddy,0.3,7.33,1240,6.4,14.1,,40,540,4.5,,,,28,5,256,162,74,10.08,4.5,,380,72,180,49,200,62,#,740,540,25,1.12,,0.5,,1.06,#,#,,
5134,Lakes & Tanks,"Manthrala Cheruvu, Meerpet",Rangareddy,0.3,7.61,1140,6.2,10.8,,17,350,2,,,,24,5,255,122,72,11.2,6.7,,295,60,150,35,145,80,#,706,510,25,1.72,,0.5,,1.24,#,#,,
4222,Lakes & Tanks,"Koneru, Kondagattu temple, Jagitiyal",,5,7.13,524,1.8,2.6,,Less than 1.8,33,Less than 1.8,,,,14,5,95,74,34,1.5,0.4,,110,24,60,12,50,44,#,346,230,10,0.82,,0.5,,0.73,#,#,,
4223,Lakes & Tanks,"Vemulawada temple Koneru , Karimnagar",Rajanna Siricilla,4.8,7.07,823,2,3.4,,Less than 1.8,46,Less than 1.8,,,,16,5,145,120,32,1.5,0.4,,160,34,85,18,75,68,#,510,360,10,0.82,,0.5,,0.69,#,#,,
1464,Lakes & Tanks,Bibinagar Tank,Yadadri Bhuvanagiri,7.5,7.23,1197,3.2,25,0.15,4,40,1.8,,,,6.1,12,175,210,34,5,BDL,BDL,385,90,225,39,160,72,89,736,515,8,,0.24,BDL,5,0.22,33.15,1.98,,
4224,Lakes & Tanks,"Yadadri temple- Koneru, Yadadrigutta (V&M), Yadadri bhuvanagiri(D)",Yadadri Bhuvangiri,Note:- Station Code  - 4224 - Koneru of Yadagiri Gutta Temple water sample could not be collected due to Koneru is under construction.,,,,,,,,,,,,,,,,,,,,,,,,,,,,,,,,,,,,,,
4230,Lakes & Tanks,Kistaipally Cheruvu,Sangareddy,5.8,7.92,4160,4.2,38,0.21,5.6,49,4,,,,9.5,20,585,825,66,14,2.8,BDL,1215,230,575,155,640,120,220,2434,1704,25,,0.3,BDL,14,0.3,28.08,2.75,,
4231,Lakes & Tanks,"Rayam Cheruvu,",Sangareddy,6.4,7.36,1378,3.5,34,0.12,4.5,41,2,,,,6.2,16,220,320,26,7,BDL,BDL,565,128,320,60,245,80,95,916,641,12,,0.31,BDL,7,0.21,26.49,1.74,,
4232,Lakes & Tanks,"Komati Cheruvu,",Siddipet,7.5,7.49,680,2.8,12,0.09,3.6,26,1.8,,,,4.2,6,150,160,20,4,BDL,BDL,305,70,175,31,130,45,40,466,326,8,,0.15,BDL,7.2,0.21,21.89,1,,
4233,Lakes & Tanks,"Gaddapotharam cheruvu,",Sangareddy,5.9,7.48,3790,4.4,112,0.12,5.5,41,3.7,,,,7.1,14,180,824,52,6,BDL,BDL,1095,248,620,116,475,108,216,2103,1472,7,,0.12,0.1,12.7,0.18,29.76,2.84,,
4228,Lakes & Tanks,"Pedda Cheruvu/Ibrahim Cheruvu, Rajendra Nagar",RR-shamshabad,0.3,7.07,1180,6,4.2,,40,540,6.8,,,,28,5,245,167,77,12.88,3.4,,320,68,170,36,150,53,#,740,540,28,3.72,,0.5,,1.36,#,#,,
1391,Lakes & Tanks,Hussain sagar Lake,Hyderabad,0.3,7.48,888,8,7.6,,40,430,4.5,,,,28,5,180,137,87,10.08,5.6,,310,64,160,36,150,82,#,540,588,15,1.32,,0.5,,1.24,#,#,,
3071,Lakes & Tanks,Langarhouse lake,Hyderabad,0.3,7.48,1350,8,5.8,,33,540,4,,,,30,5,420,152,105,12.88,6.7,,425,90,225,49,200,68,#,838,587,18,2.35,,0.5,,1.28,#,#,,
2341,Lakes & Tanks,"Miralam tank,kishan bagh",Hyderabad,0.3,7.27,1387,6,3.2,,21,350,2,,,,36,5,295,167,86,9.56,4.5,,310,64,160,36,150,98,#,860,602,20,2.37,,0.5,,1.16,#,#,,
3073,Lakes & Tanks,"Hasmathpet lake, Hasmathpet",Medchal Malkajgiri,0.3,7.33,1090,10,8.8,,32,430,4,,,,32,5,210,157,117,9.52,3.4,,295,60,150,35,145,56,#,738,502,28,2.72,,0.5,,1.35,#,#,,
3072,Lakes & Tanks,Safilguda lake,Medchal Malkajgiri,0.3,7.35,1229,8,15.1,,36,540,6.1,,,,27,5,310,137,101,11.2,5.6,,325,68,170,38,155,62,#,774,542,20,1.86,,0.5,,1.05,#,#,,
3075,Lakes & Tanks,Rangadhamuni cheruvu,Medchal Malkajgiri,0.3,7.14,1285,8,7.1,,40,430,6.1,,,,36,5,430,145,113,10.08,5.6,,260,56,140,29,120,53,#,796,577,25,2.86,,0.5,,1.26,#,#,,
3076,Lakes & Tanks,"Amber cheruvu, Kukatpally",Medchal Malkajgiri,0.3,7.27,901,6,6.9,,17,350,4.5,,,,18,5,255,118,86,9.52,6.7,,260,56,140,29,120,36,#,558,391,15,1.72,,0.5,,1.12,#,#,,
3077,Lakes & Tanks,"Kapra cheruvu, Kapra",Medchal Malkajgiri,2.4,7.13,876,4,3.8,,11,280,2,,,,17,5,160,86,60,5.6,1.1,,195,38,95,24,100,141,#,560,392,15,1.86,,0.5,,1.04,#,#,,
2357,Lakes & Tanks,Durgam cheruvu,RR-shamshabad,1.1,6.99,834,5.8,5.2,,21,350,2,,,,14,5,185,72,73,8.4,3.4,,260,56,140,29,120,91,#,520,501,20,1.77,,0.5,,1.16,#,#,,
2344,Lakes & Tanks,Nalla cheruvu (Nacharam),Medchal Malkajgiri,0.3,7.38,1240,8,1.3,,49,540,6.8,,,,21,5,280,154,107,12.88,5.6,,295,60,150,35,145,86,#,740,520,24,3.36,,0.5,,1.32,#,#,,
2359,Lakes & Tanks,"Pedda Cheruvu, Nacharam",Medchal Malkajgiri,0.3,7.12,1140,10,11.8,,49,540,6.8,,,,21,5,240,166,128,10.08,5.6,,280,60,150,32,130,29,#,666,500,30,2.08,,0.5,,1.33,#,#,,
2342,Lakes & Tanks,Noor Md. Kunta,RR-shamshabad,1,7.36,1802,5.8,17.6,,36,540,6.1,,,,18,5,285,274,55,12.88,5.6,,440,94,235,50,205,120,#,1178,812,16,3.6,,0.5,,1.26,#,#,,
3070,Lakes & Tanks,"Fox sagar, Jeedimetla",Medchal Malkajgiri,3.2,7.26,1147,2,5.2,,17,350,2,,,,20,5,290,174,32,6.72,2.2,,295,60,150,35,145,43,#,712,498,18,2.08,,0.5,,0.95,#,#,,
3074,Lakes & Tanks,Banjara Lake,Hyderabad,0.3,7.21,1173,6.2,5.8,,33,430,4.5,,,,26,5,360,132,60,7.4,5.6,,280,58,145,33,135,62,#,738,517,20,1.73,,0.5,,0.93,#,#,,
4237,Lakes & Tanks,Mundla Katwa Lake,Medchal Malkajgiri,3.1,8.38,511,3,4.2,,11,350,2,,,,18,10,132,60,48,5.6,1.1,,120,26,65,13,55,32,#,320,224,14,0.72,,0.5,,0.79,#,#,,
4669,Lakes & Tanks,"Pedda Cheruvu, Gangaram (V), Serilingarampally (New Mandal)",Rangareddy,0.3,7.18,1168,8,15.2,,37,430,4.5,,,,27,5,330,125,87,10.08,4.5,,280,58,145,33,135,92,#,724,499,20,3.08,,0.5,,1.12,#,#,,
4671,Lakes & Tanks,"Medi Kunta, Guttala Begumpet (V)",Rangareddy,Dried up,,,,,,,,,,,,,,,,,,,,,,,,,,,,,,,,,,,,,,
4672,Lakes & Tanks,"Medi Kunta (Wipro Lake), Nanakramguda",Rangareddy,2.3,7.39,922,2,3.3,,21,350,2,,,,25,5,210,130,40,7.84,3.4,,210,44,110,24,100,36,#,590,400,12,0.92,,0.5,,0.75,#,#,,
4673,Lakes & Tanks,Medikunta lake (BK Enclave),Rangareddy,Dried up,,,,,,,,,,,,,,,,,,,,,,,,,,#,,,,,,,,,,,,
4674,Lakes & Tanks,"Meedi Kunta, Hafeezpet (V), Serlingampally",Rangareddy,4.2,7.04,624,3,2.1,,Less than 1.8,430,Less than 1.8,,,,18,5,140,78,43,5.6,1.1,,110,24,60,12,50,42,#,380,260,14,0.62,,0.5,,0.69,#,#,,
4693,Lakes & Tanks,"Patel Cheruvu, Madeenaguda, Miyapur",Medchal Malkajgiri,0.3,7.16,1257,10,5.3,,27,350,2,,,,25,5,400,118,119,8.96,5.6,,310,64,160,36,150,62,#,792,539,26,3.17,,0.5,,1.26,#,#,,
4677,Lakes & Tanks,"Lingam Cheruvu, Suraram (V), Quthubullapur",Medchal Malkajgiri,0.3,7.22,1387,8,12.6,,21,430,6.1,,,,28,5,370,167,101,12.3,3.4,,235,52,130,26,105,63,#,860,530,30,2.72,,0.5,,0.44,#,#,,
5044,Lakes & Tanks,"Sudalavani Kunta, (Sunnam Cheruvu), Allapur, Balanagar,Medchal-Malkajgiri dist.",Medchal Malkajgiri,0.3,7.34,1683,6,15,,49,540,6.8,,,,29,5,445,176,60,11.2,4.5,,365,80,200,40,165,121,#,980,640,18,0.6,,0.6,,1.22,#,#,,
5052,Lakes & Tanks,"Bakshi Kunta, Chandhanagar, Serilingampally, rangareddy Dist.",Medchal Malkajgiri,6.1,7.05,480,1.2,5.2,,2,90,Less than 1.8,,,,17,5,110,64,28,5.6,1.1,,88,18,45,10,43,28,#,278,195,12,0.39,,0.5,,0.73,#,#,,
5053,Lakes & Tanks,"Ramamma Kunta, Gachibowli, Rangareddy Dist (Dr. YSR Toursim College)",Medchal Malkajgiri,4.1,7.44,840,4,4.4,,21,350,2,,,,16,5,160,122,52,8.4,4.5,,140,32,80,15,60,55,#,556,390,20,1.89,,0.5,,1.06,#,#,,
5054,Lakes & Tanks,"Komati Kunta, Gopanpally, Serilingampally, Rangareddy Dist.",Medchal Malkajgiri,4.7,6.76,492,1.8,2.2,,11,210,1.8,,,,18,5,75,88,24,8.4,2.2,,95,22,55,10,40,41,#,300,210,12,0.39,,0.5,,0.75,#,#,,
5055,Lakes & Tanks,"Chinna Pedda Cheruvu, Gopanpally, Serilingampally, Rangareddy Dist.",Medchal Malkajgiri,3.3,6.95,746,2.2,3.6,,11,280,2,,,,12,5,140,116,48,7.84,5.6,,190,40,100,22,90,42,#,470,320,10,0.59,,0.5,,0.69,#,#,,
5056,Lakes & Tanks,"Nayanamma Kunta, (Basupalli Cheruvu), Haffezpet, Serilingalpally, rangareddy Dist.",Medchal Malkajgiri,0.3,7.1,1013,6,3.8,,21,350,4,,,,19,5,250,103,76,9.52,3.4,,265,72,180,21,85,62,#,648,160,20,2.89,,0.5,,1.16,#,#,,
5057,Lakes & Tanks,"Kudi Kunta, (Gaothami Lake), Kondapur, Serilingampally, Rangareddy Dist.",Medchal Malkajgiri,1.8,7.07,955,4,6.1,,49,430,4,,,,25,5,185,132,48,10.08,4.5,,280,58,145,33,135,62,#,602,480,15,1.87,,0.5,,1.02,#,#,,
5058,Lakes & Tanks,"Regula Kunta, Miyapur, Serilingampally, Rangareddy Dist.",Medchal Malkajgiri,4,7.31,1036,2,3.4,,17,350,2,,,,26,5,166,140,32,10.08,3.4,,250,52,130,29,120,102,#,642,450,20,2.72,,0.5,,0.97,#,#,,
5059,Lakes & Tanks,"Gopi Cheruvu, Lingampally, Serilingampally, Rangareddy Dist.",Medchal Malkajgiri,3.2,6.91,1013,2,4.3,,17,350,2,,,,19,5,175,140,32,8.4,3.4,,260,56,140,29,120,91,#,628,430,18,2.56,,0.5,,0.99,#,#,,
5060,Lakes & Tanks,"Chakaalavani Cheruvu, Lingampally, Serilingampally, rangareddy Dist.",Medchal Malkajgiri,3.2,7.04,980,4,5.6,,21,350,2,,,,28,5,190,135,52,9.52,4.5,,295,60,150,35,145,79,#,602,530,18,2.75,,0.5,,1.06,#,#,,
5061,Lakes & Tanks,"Peddakudi Cheruvu, Maqta Mahaboobpet,Serilingampally, rangareddy Dist.",Medchal Malkajgiri,0.3,7.24,1172,8,4.6,,33,430,4,,,,28,5,280,140,87,11.2,4.5,,265,56,140,30,125,56,#,738,510,18,3,,0.5,,1.14,#,#,,
5062,Lakes & Tanks,"Gurunath Cheruvu, Miyapur, Serilingampally, rangareddy Dist.",Medchal Malkajgiri,0.3,7.05,917,8,4.1,,17,350,2,,,,24,5,220,100,99,8.4,2.2,,240,52,130,27,110,72,#,576,400,15,2.26,,0.5,,1.06,#,#,,
5063,Lakes & Tanks,"Nanakram Kunta, Nanakraamguda,",Medchal Malkajgiri,6.1,7.72,664,2,3.4,,11,210,2,,,,17,5,110,110,32,6.72,2.8,,195,44,110,21,85,38,#,412,300,15,0.72,,0.5,,0.79,#,#,,
5114,Lakes & Tanks,"Shanthisarovor Pond, Gachibowli, Serilingmapally",Rangareddy ,3,6.98,585,2.4,2.4,,Less than 1.8,40,Less than 1.8,,,,12,5,140,62,26,1.5,0.4,,110,24,60,12,50,48,#,362,250,10,0.86,,0.5,,0.63,#,#,,
5115,Lakes & Tanks,"Raja Mohammad Kunta, Haffezpet, Serilingampally (M),",Rangareddy ,0.3,6.96,1024,10,3.8,,33,540,6.1,,,,28,5,265,148,123,14,8.4,,380,78,195,45,185,41,#,640,510,35,2.72,,0.5,,1.22,#,#,,
5116,Lakes & Tanks,"Kotha Cheruvu (Novotel Lake), Khanamet, Serilingampally",Rangareddy ,0.3,7.11,1204,6,15.3,,21,350,2,,,,36,5,220,180,72,8.4,3.4,,320,64,160,39,160,64,#,810,560,22,2.76,,0.5,,1.06,#,#,,
5118,Lakes & Tanks,"Kotha Kunta, Haffezpet, Serilingampally (M)",Rangareddy ,3.2,6.95,537,3,4.1,,11,210,2,,,,16,5,110,88,40,5.6,1.1,,180,38,95,21,85,33,#,332,230,10,2.53,,0.5,,0.86,#,#,,
5119,Lakes & Tanks,"Kaidam Kunta, Hafeezpet, Serilingampally (M)",Rangareddy ,0.3,6.88,1140,6,5.2,,36,430,4.5,,,,19,5,260,144,83,14,5.6,,320,68,170,36,150,66,#,702,540,32,1.96,,0.5,,1.02,#,#,,
5120,Lakes & Tanks,"Thammidi Kunta, Khanamet, Serilingampally",Rangareddy ,0.3,7.56,1090,8,9.3,,32,430,4.5,,,,27,5,220,144,96,9.52,5.6,,285,62,155,32,130,62,#,722,505,24,2.86,,0.5,,1.12,#,#,,
5124,Lakes & Tanks,TCS Synergy Park Lake,Rangareddy,4.8,7.48,654,3,2.6,,Less than 1.8,33,Less than 1.8,,,,14,5,110,98,36,1.5,0.4,,160,34,85,18,75,61,#,406,280,10,1.72,,0.5,,0.56,#,#,,
5125,Lakes & Tanks,"Mondi Kunta, Khanamet, Serilingmampally",Rangareddy ,0.3,7.14,1253,8,12.1,,33,540,6.8,,,,32,5,270,163,102,10.08,4.5,,380,76,190,46,190,71,#,812,675,28,3.2,,0.6,,1.25,#,#,,
5131,Lakes & Tanks,"Yellamma Cheruvu, Manikonda, Rajenderanagar",Rangareddy ,0.3,7.08,1203,8,11.8,,49,430,6.1,,,,36,5,240,174,121,14,5.6,,340,70,175,40,165,46,#,702,500,22,3.56,,0.5,,1.22,#,#,,
3086,Lakes & Tanks,Saki Tank,Sangareddy,6.5,7.34,708,3.5,25,0.09,5.7,39,3.7,,,,4.1,16,122,110,28,4,BDL,BDL,185,42,105,19,80,40,51,435,305,7,,0.11,BDL,7.1,0.22,36.68,1.64,,
4684,Lakes & Tanks,Campus Lake Icrisat,Sangareddy,6,6.69,743,3.2,24,0.05,6.1,84,3.6,,,,5,16,110,120,26,5,BDL,BDL,210,44,110,24,100,32,42,435,304,7,,0.06,BDL,3,0.3,30.14,1.27,,
4685,Lakes & Tanks,Surisigal Lake Icrisat,Sangareddy,6,6.73,865,3.1,22,0.05,6.8,94,4.5,,,,4,20,156,145,28,5,BDL,BDL,220,48,120,24,100,41,49,532,372,8,,0.08,BDL,7.4,0.22,31.92,1.44,,
4686,Lakes & Tanks,Icrisat Lake,Sangareddy,6,7.13,888,3.3,20,0.09,6.1,84,4,,,,4.1,16,150,155,20,4,BDL,BDL,225,42,105,29,120,35,75,546,382,9,,0.12,BDL,11,0.2,40.72,2.18,,
4687,Lakes & Tanks,Red Lake Icrisat,Sangareddy,6.5,6.75,750,3.4,25,0.08,7.8,120,5.7,,,,5,16,135,125,26,6,BDL,BDL,205,48,120,21,85,45,65,461,323,10,,0.21,BDL,4.2,0.34,40.13,1.97,,
1788,Lakes & Tanks,Saroornagar Lake / Large Tank,RR-shamshabad,1,7.35,1280,5.8,9.29,,47,430,4,,,,18,5,260,159,66,12.88,5.6,,340,72,180,39,160,102,#,820,610,25,1.07,,0.5,,1.18,#,#,,
2343,Lakes & Tanks,Premajipet TANK,RR-shamshabad,0.3,7.39,2322,8,13.9,,40,540,6.8,,,,22,5,400,370,99,14,8.4,,580,120,300,68,280,161,#,1462,1000,20,4.8,,0.59,,1.4,#,#,,
4670,Lakes & Tanks,"Bairamalaguda Cheruvu / Maddela Kunta, Medchal-Malkajigiri District.",Rangareddy,2,7.16,610,4,4.7,,11,280,2,,,,14,5,116,88,48,5.6,1.1,,170,34,85,21,85,42,#,378,265,25,0.72,,0.5,,0.85,#,#,,
4678,Lakes & Tanks,"Patel Cheruvu, Nacharam, Medchal-Malkajigiri District.",Rangareddy,1,7.24,1131,5.8,17.8,,33,350,4,,,,16,5,310,82,78,7.84,2.8,,320,66,165,38,155,124,#,702,490,20,1.06,,0.5,,1.23,#,#,,
4679,Lakes & Tanks,HUDA Park Lake,Rangareddy,0.3,7.42,1388,8,10.8,,49,540,6.8,,,,16,5,310,240,83,14,6.7,,465,96,240,55,225,38,#,840,600,25,2.19,,0.5,,1.38,#,#,,
4691,Lakes & Tanks,"Nagole Cheruvu, Uppal Malkajigiri District.",RR-shamshabad,0.3,7.44,1104,10,13.89,,49,540,1,,,,32,5,210,152,128,14,5.6,,460,96,240,53,220,132,#,680,500,20,1.22,,0.5,,1.28,#,#,,
4692,Lakes & Tanks,"Ramanthapur Pedda Cheruvu, Medchal-Malkajigiri District.",Medchal Malkajgiri,1.6,7.32,1170,5.2,5.7,,39,430,4.5,,,,28,5,330,137,64,9.52,3.4,,340,68,170,41,170,106,#,710,500,20,1.72,,0.5,,1.16,#,#,,
4699,Lakes & Tanks,"Kaprai Cheruvu, RamanthpurMedchal-Malkajigiri District.",RR-shamshabad,2.4,7.32,602,2,2.71,,21,280,Less than 1.8,,,,12,5,100,108,34,5.6,1.1,,180,38,95,21,85,42,#,380,260,15,0.67,,0.5,,0.63,#,#,,
4702,Lakes & Tanks,"Pedda Cheruvu - Khaja guda, Khajaguda (V), Serlingampally (new mandal)",Rangareddy,1.5,7.31,1447,22,10,,1.8,280,,,,,13,,264,180,112,62,30,,269,71,178,91,22,136,192,810,,33,,,0.37,,,58,5.1,,
4703,Lakes & Tanks,"Bulbul kunta, Lakshmiguda, rajendranagar",Rangareddy,No access due to heavy grass,,,,,,,,,,,,,,,,,,,,,,,,,,,,,,,,,,,,,,
4704,Lakes & Tanks,"Pedda Cheruvu, Mansoorabad, Saroornagar, Rangareddy District.",Rangareddy,0.3,7.11,802,6,5.23,,27,350,2,,,,16,5,160,99,72,8.4,2.2,,180,38,95,21,85,65,#,512,360,15,1.06,,0.5,,0.87,#,#,,
5040,Lakes & Tanks,"Bandlaguda Cheruvu, Bandlaguda, Uppal, Medchal Dist.",Medchal Malkajgiri,0.3,7.18,1490,8,10.9,,39,540,4.5,,,,24,5,270,180,88,12.88,3.4,,420,88,220,49,200,138,#,920,240,20,1.82,,0.5,,1.32,#,#,,
5041,Lakes & Tanks,"Pathulguda, Uppal, Medchal Dist.",Medchal Malkajgiri,0.3,7.96,1244,6,11.8,,34,430,4.5,,,,18,5,255,147,76,11.2,4.5,,380,78,195,45,185,112,#,784,550,15,1.62,,0.5,,1.36,#,#,,
5113,Lakes & Tanks,Chinna Cheruvu,Medchal Malkajgiri,0.3,7.13,1210,6,6.4,,33,250,2,,,,26,5,290,140,72,8.34,2.2,,320,66,165,38,155,126,#,694,490,20,1.8,,0.5,,1.14,#,#,,
5117,Lakes & Tanks,"Masjid Banda Lake, Kondapur, Serlingampally",Rangareddy ,Not collected due to Enroachment,,,,,,,,,,,,,,,,,,,,,,,,,,,,,,,,,,,,,,
5121,Lakes & Tanks,"Pale Cheruvu, Kattedan",Rangareddy,0.3,7.15,1298,16,9.6,,27,430,4.5,,,,29,5,210,252,194,11.2,4.5,,325,56,140,45,185,76,#,818,570,28,2.2,,0.5,,1.24,#,#,,
5126,Lakes & Tanks,"Bathula Cheruvu, Amangal, Hayathnagar",Rangareddy,3,7.55,1501,4,11.2,,36,540,4.5,,,,28,5,255,250,76,11.2,4.5,,340,72,180,39,160,126,#,930,650,15,2.89,,0.5,,1.24,#,#,,
5127,Lakes & Tanks,"Kummari Kunta, Amangal, Hayathnagar",Rangareddy,2.5,7.34,848,4.8,6.1,,17,350,3,,,,10,5,150,122,56,8.4,2.2,,160,34,85,18,75,60,#,526,368,12,0.72,,0.5,,0.89,#,#,,
5128,Lakes & Tanks,Palle cheruvu,Rangareddy,not submitted by RO-HYD,,,,,,,,,,,,,,,,,,,,,,,,,,#,,,,,,,,,,,,
5129,Lakes & Tanks,"Erra Kunta, Laxmiguda, Rajenderanagar",Rangareddy,0.3,7.15,1588,8,14.3,,39,540,6,,,,17,5,240,262,86,14,5.6,,495,100,250,60,245,92,#,904,740,32,2.36,,0.5,,1.38,#,#,,
5130,Lakes & Tanks,"Pathikunta, Budwel, Rajendranagar",Rangareddy,0.3,7.27,1003,6,14.6,,21,350,4,,,,16,5,235,140,75,11.2,3.4,,340,72,180,39,160,54,#,622,430,18,2.32,,0.5,,1.1,#,#,,
5132,Lakes & Tanks,"Malkam Cheruvu, Raidurgam, Serilingampally",Rangareddy ,2.9,7.56,1141,22,19,,,140,1.8,,,,64,Nil,210,148,104,Less than 5,Less than 5,,261,68,170,22,91,105,123,634,452,64,,,0.65,22,Less than 0.1,48,3.3,,
5498,Lakes & Tanks,"Suleman cheruvu ,kattedam(v),Ragendra nagar(m)Rangareddy dist",Medchal Malkajgiri,2.5,6.8,1514,3,12.9,,33,540,6.8,,,,30,5,232,260,55,8.4,5.6,,345,72,180,40,165,84,#,954,670,35,2.39,,0.5,,1.18,#,#,,
4668,Lakes & Tanks,"Chinnarayan Cheruvu, Alwal (V)",Medchal Malkajgiri,0.3,7.4,1310,10,11.9,,32,540,4.5,,,,22,5,222,210,129,11.2,5.6,,240,50,125,28,115,81,#,840,600,35,2.3,,0.5,,0.93,#,#,,
4676,Lakes & Tanks,"Banda Cheruvu, Malkajigiri (V),Malkajigiri (new mandal)",Medchal Malkajgiri,0.3,7.02,1339,6,15,,39,350,3.6,,,,20,5,300,155,65,9.52,2.2,,220,52,130,22,90,72,#,817,560,26,2.06,,0.5,,0.89,#,#,,
4701,Lakes & Tanks,"Lingam kunta lake Chandanagar,Serilingampally, Rangareddy (Dist)",Rangareddy,4.9,7.02,902,4,9.6,,37,430,4.5,,,,24,5,190,123,77,11.2,6.7,,220,46,115,26,105,73,#,540,340,20,1.72,,0.5,,1.04,#,#,,
4695,Lakes & Tanks,"Khaja Kunta, Kukatpally (V)",Medchal Malkajgiri,not collected due to the lake is under maintaince,,,,,,,,,,,,,,,,,,,,,,,,,,,,,,,,,,,,,,
4696,Lakes & Tanks,"Parki Cheruvu, Kukatpally (V), Balanagar",Medchal Malkajgiri,0.3,7.13,1644,12,7.2,,49,540,4.5,,,,26,5,465,162,186,10.64,4.5,,280,60,150,32,130,81,#,1036,714,42,1.79,,0.5,,0.79,#,#,,
4697,Lakes & Tanks,"Mukkidi Cheruvu (Ramakrishnapuram Lake), Malkajigri",Medchal Malkajgiri,dried ,,,,,,,,,,,,,,,,,,,,,,,,,,,,,,,,,,,,,,
4698,Lakes & Tanks,"Mannevari Kunta, Machabollaram (V), Alwal",Medchal Malkajgiri,0.3,6.84,1583,12,2.1,,33,540,4,,,,22,5,460,181,160,8.4,1.1,,320,68.8,172,36,148,35,#,980,640,45,1.87,,0.5,,0.62,#,#,,
4705,Lakes & Tanks,"Kotha Cheruvu (Alwal Cheruvu), Alwal (V),",Medchal Malkajgiri,0.3,7.23,1266,8,3.2,,21,350,2,,,,24,5,215,188,97,10.64,3.4,,345,72,180,40,165,89,#,760,520,33,1.08,,0.5,,0.56,#,#,,
5036,Lakes & Tanks,"Ramana Cheruvu,Boinpally, Thirumalagiri, Medchal-Malkajgiri Dist.",Medchal Malkajgiri,4.8,7.29,528,1.2,3,,17,210,2,,,,16,5,216,37,8,6.72,0.6,,160,36,90,17,70,23,#,322,200,23,0.53,,0.5,,0.36,#,#,,
5037,Lakes & Tanks,"Thirumalagiri Tank, Thirumalagiri, Medchal-Malkajgiri Dist.",Medchal Malkajgiri,0.3,7.03,1461,10,1.9,,33,430,2,,,,21,5,500,127,124,11.76,4.5,,520,112,280,58,240,69,#,906,620,46,2.72,,0.5,,1.12,#,#,,
5042,Lakes & Tanks,"Yellamma Cheruvu, Kukatpally, Medchal- Malkajgiri Dist.",Medchal Malkajgiri,0.3,7.28,1393,6,2.3,,49,540,4.5,,,,30,5,465,132,72,9.52,2.8,,480,104,260,53,220,55,#,864,580,36,3.06,,0.5,,1.06,#,#,,
5043,Lakes & Tanks,"Mysamma Cheruvu, Kukatpally, Balangar, Medchal- Malkajgiri Dist.",Medchal Malkajgiri,2.3,7.22,1259,4,16,,36,430,2,,,,22,5,360,132,48,8.4,3.4,,385,78,195,46,190,53,#,790,550,30,2.5,,0.5,,1.23,,,,
5045,Lakes & Tanks,"MothkulaKunta, Machabollaram, Alwal, Medchal- Malkajgiri Dist.",Medchal Malkajgiri,1.8,7.42,1539,4,22,,27,540,4,,,,24,5,425,167,56,7.84,2.2,,440,96,240,49,200,79,#,954,950,35,2.89,,0.5,,1.02,#,#,,
5046,Lakes & Tanks,"Chintal Cheruvu, Gajularamaram, Quthbullapur, Medchal- Malkajgiri Dist.",Medchal Malkajgiri,4.1,7.31,625,1.4,1.8,,11,210,2,,,,26,5,158,69,24,5.6,1.1,,220,48,120,24,100,50,#,390,360,25,1.62,,0.5,,0.92,#,#,,
5047,Lakes & Tanks,"Mahaboob Kunta, Suraram,Quthubullapur, Medchal-Malkajgiri Dist.",Medchal Malkajgiri,4.6,7.08,630,1.6,2.9,,17,280,2,,,,32,5,180,66,28,4.48,0.6,,240,54,135,26,105,28,#,400,270,25,1.78,,0.5,,0.75,#,#,,
5048,Lakes & Tanks,"Bandam Cheruvu, Gajularamaram, Quthbullapur, Medchal- Malkajgiri Dist.",Medchal Malkajgiri,0.3,7.16,1028,6.2,12.4,,21,350,2,,,,38,5,204,144,96,8.4,2.8,,395,82,205,46,190,62,#,640,440,42,2.07,,0.5,,0.99,#,#,,
5049,Lakes & Tanks,"Meddela Kunta,Gajularamaram, Quthbullapur, Medchal- Malkajgiri Dist.",Medchal Malkajgiri,no access due to lake is enroached,,,,,,,,,,,,,,,,,,,,,,,,,,,,,,,,,,,,,,
5050,Lakes & Tanks,"Venna Cheruvu, Jeedimetla,Quthbullapur, Medchal- Malkajgiri Dist.",Medchal Malkajgiri,0.3,7.23,1455,6,9.8,,40,540,4.5,,,,30,5,244,222,64,10.08,4.5,,490,100,250,58,240,88,#,920,640,45,2.46,,0.5,,0.86,#,#,,
5051,Lakes & Tanks,"Chinna Bandam,Suraram,Quthubullapur, Medchal-Malkajgiri Dist.",Medchal Malkajgiri,5.2,7.25,935,2.2,7.4,,17,350,2,,,,26,5,255,92,36,6.72,2.2,,385,78,195,46,190,58,#,580,400,20,1.72,,0.5,,0.89,#,#,,
5111,Lakes & Tanks,"Nagireddy Kunta (Yapral Cheruvu), Yapral",Medchal Malkajgiri,0.3,7.5,1786,6,14.4,,49,540,6.1,,,,33,5,495,255,76,13.44,5.6,,510,104,260,61,250,98,#,1110,760,40,2.87,,0.5,,1.28,#,#,,
5112,Lakes & Tanks,"Kamuni Cheruvu, Kukatpally",Medchal Malkajgiri,0.3,7.29,1291,12,19.2,,36,430,4.5,,,,32,5,430,120,156,12.32,5.6,,440,90,225,52,215,78,#,800,544,30,2.42,,0.5,,1.32,#,#,,
4675,Lakes & Tanks,"Lotus pond, Hakimpet (V), Shaik pet (new mandal)",Hyderabad,5.1,7.59,772,2.2,3.1,,11,350,2,,,,15,5,140,103,47,8.4,2.2,,180,38,95,21,85,63,#,478,335,16,0.86,,0.5,,0.79,#,#,,
4667,Lakes & Tanks,"Surram Cheruvu (Palle Cheruvu), Bandlaguda (V), Bandlaguda (new mandal)",Hyderabad,0.3,7.02,1602,8,5.2,,40,540,4.5,,,,22,5,295,252,103,10.08,5.6,,485,100,250,38,235,81,#,1062,740,16,4.08,,0.5,,1.32,#,#,,
4689,Lakes & Tanks,"Sunnam Kunta, Jubille hills",Hyderabad,5,6.87,431,1,11.74,,17,210,2,,,,14,5,80,62,16,6.72,2.1,,120,26,65,13,55,34,#,268,185,16,0.72,,0.5,,0.75,#,#,,
4690,Lakes & Tanks,"Banjara Kunta (Singadi Kunta), Shaikpet",Hyderabad,3,7.16,980,4,9.9,,21,350,4,,,,22,5,160,201,75,10.08,4.5,,195,38,95,24,100,42,#,554,388,15,1.1,,0.5,,1.85,#,#,,
5029,Lakes & Tanks,"Mohini Cheruvu, Amberpet, Hyderabad",Hyderabad,gate locked,,,,,,,,,,,,,,,,,,,,,,,,,,#,,,,,,,,,,,,
5030,Lakes & Tanks,"Naya Quila Talab, Golconda, Hyderabad",Hyderabad,2.4,7.33,1235,5,5.2,,21,350,4.5,,,,16,5,200,191,71,11.2,6.7,,280,62,155,30,125,88,#,766,540,18,2.56,,0.5,,1.04,#,#,,
5031,Lakes & Tanks,"Erra Kunta, Shaikpet, Hyderabad",Hyderabad,No sufficient water,,,,,,,,,,,,,,,,,,,,,,,,,,#,,,,,,,,,,,,
5032,Lakes & Tanks,"Kotha Cheruvu, Shaikpet, Hyderabad",Hyderabad,3.1,7.44,1190,3,3.8,,49,540,6.8,,,,18,5,220,167,61,12.88,5.6,,340,70,175,40,165,79,#,740,520,20,1.76,,0.5,,1.24,#,#,,
5033,Lakes & Tanks,"Shatham Talab, Shaikpet, Hyderabad",Hyderabad,1,7.16,1201,5.2,3.8,,33,430,4,,,,18,5,240,166,71,8.4,5.6,,310,64,160,36,150,73,#,804,560,25,2.32,,0.5,,1.14,#,#,,
5034,Lakes & Tanks,"Shikari Kunta, Shaikpet, Hyderabad",Hyderabad,3.8,7.56,1098,3,16.8,,47,430,6.1,,,,15,5,190,144,57,8.4,3.4,,240,52,130,27,110,98,#,680,480,18,1.2,,0.5,,0.65,#,#,,
5035,Lakes & Tanks,"Bathur Kunta, Shaikpet, Hyderabad",Hyderabad,0.3,7.06,1136,8,3.3,,27,350,2,,,,15,5,170,174,107,9.52,5.6,,240,54,135,26,105,94,#,704,490,20,1.86,,0.5,,1.23,#,#,,
5038,Lakes & Tanks,"Salkam Cheruvu, Bandlaguda, Hyderabad",Hyderabad,0.3,7.02,1520,10,4.9,,36,540,6.8,,,,17,5,280,240,119,12.82,6.7,,495,102,255,58,240,66,#,980,600,28,3.62,,0.5,,1.38,#,#,,
5039,Lakes & Tanks,"DMRL, Lake, Kanchanbagh, Hyderabad",Hyderabad,0.3,6.92,2051,8,4.6,,47,430,6.1,,,,20,5,360,382,94,9.52,4.5,,520,106,265,62,255,92,#,1272,890,26,4.28,,0.6,,1.28,#,#,,
